movie,rt_critic,rt_audience
The Shawshank Redemption,91,98
The Dark Knight,94,94
Inception,87,91
Fight Club,79,96
Pulp Fiction,92,96
Forrest Gump,71,95
The Matrix,88,85
The Lord of the Rings: The Fellowship of the Ring,91,95
The Lord of the Rings: The Return of the King,93,86
Interstellar,72,86
The Dark Knight Rises,87,90
The Lord of the Rings: The Two Towers,95,95
Seven,83,95
Django Unchained,87,91
Gladiator,77,87
Batman Begins,84,94
The Silence of the Lambs,96,95
Inglourious Basterds,89,88
The Avengers,91,91
Saving Private Ryan,93,95
Schindler's List,97,97
The Wolf of Wall Street,79,83
The Prestige,76,92
The Departed,90,94
The Green Mile,78,94
Shutter Island,68,76
Memento,93,94
Avatar,82,82
American Beauty,87,93
Titanic,89,69
Guardians of the Galaxy,92,92
Léon,,
American History X,83,96
V for Vendetta,,
Goodfellas,96,97
Pirates of the Caribbean: The Curse of the Black Pearl,79,86
Kill Bill: Vol. 1,85,81
WALL·E,95,90
Terminator 2: Judgment Day,93,94
The Usual Suspects,89,96
Braveheart,78,85
Joker,68,88
Finding Nemo,99,86
The Lion King,52,88
The Truman Show,95,89
Iron Man,94,91
Up,98,90
Reservoir Dogs,92,94
Eternal Sunshine of the Spotless Mind,92,94
The Sixth Sense,86,90
Deadpool,85,90
Toy Story,100,92
Mad Max: Fury Road,97,86
Jurassic Park,91,91
Gone Girl,87,87
Good Will Hunting,98,94
Star Wars: Episode VII - The Force Awakens,93,86
No Country for Old Men,93,86
A Beautiful Mind,74,93
The Hunger Games,84,81
Avengers: Infinity War,85,91
Catch Me If You Can,96,89
Avengers: Endgame,94,90
"Monsters, Inc.",96,90
Slumdog Millionaire,91,90
Snatch,73,93
Gravity,95,80
Requiem for a Dream,79,93
Harry Potter and the Deathly Hallows: Part 2,96,89
The Intouchables,75,93
The Martian,91,91
Toy Story 3,98,90
Iron Man Three,79,78
De Hobbit: Een onverwachte reis,,50
Thor,77,76
Avengers: Age of Ultron,75,83
Captain America: The First Avenger,80,74
Donnie Darko,86,80
Captain America: The Winter Soldier,90,92
Sin City,77,78
The Big Lebowski,83,93
The Pianist,95,96
Star Wars: Episode I - The Phantom Menace,52,59
300,61,89
Iron Man 2,72,71
Whiplash,94,94
Gran Torino,81,90
The Hangover,78,84
Star Wars: Episode III - Revenge of the Sith,80,66
The Grand Budapest Hotel,92,86
The Revenant,78,84
Amélie,,
Black Swan,85,84
Man of Steel,56,75
Spider-Man,90,67
I Am Legend,68,68
The Imitation Game,89,91
Kill Bill: Vol. 2,84,89
How to Train Your Dragon,99,91
Captain America: Civil War,90,89
Silver Linings Playbook,92,86
Harry Potter en de steen der wijzen,81,82
X-Men: Days of Future Past,90,91
The Incredibles,97,75
Pirates of the Caribbean: Dead Man's Chest,53,72
Logan,93,90
X-Men: First Class,86,87
Star Wars: Episode II - Attack of the Clones,65,56
Ratatouille,96,87
12 Years a Slave,95,90
The King's Speech,94,92
District 9,90,82
Million Dollar Baby,90,90
Trainspotting,91,93
Skyfall,92,86
Black Panther,96,79
The Social Network,96,86
Batman v Superman: Dawn of Justice,28,63
Het leven is mooi,,
Binnenstebuiten,,
Fargo,94,93
Shrek,88,90
The Hunger Games: Catching Fire,90,89
Prisoners,81,87
The Bourne Ultimatum,92,91
Suicide Squad,26,59
Doctor Strange,89,85
World War Z,66,72
De Hobbit: de Woestenij van Smaug,74,85
Edge of Tomorrow,91,90
Thor: The Dark World,66,75
Arrival,94,82
Now You See Me,50,70
Pirates of the Caribbean: At World's End,44,72
Transformers,58,85
Thor: Ragnarok,93,87
Kingsman: The Secret Service,74,84
The Curious Case of Benjamin Button,71,80
Sherlock Holmes,69,77
Casino Royale,94,89
Life of Pi,86,84
Birdman or (The Unexpected Virtue of Ignorance),91,77
Groundhog Day,96,88
Jurassic World,70,78
Heat,87,94
12 Monkeys,89,88
Star Trek: The Future Begins,94,91
Into the Wild,83,89
Argo,96,90
Ant-Man,82,86
Guardians of the Galaxy Vol. 2,85,87
Frozen,90,85
Drive,92,79
Wonder Woman,93,83
X-Men,82,83
Gisaengchung,,
Ted,69,73
Prometheus,73,68
Star Wars: Episode VIII - The Last Jedi,90,42
Taken,59,85
Once Upon a Time... in Hollywood,85,70
Dunkirk,92,81
The Amazing Spider-Man 3D,72,77
Star Wars: Rogue One,84,86
Harry Potter en de geheime kamer,82,80
Harry Potter en de gevangene van Azkaban,90,86
Harry Potter en de vuurbeker,88,74
Spider-Man 2,,
Her,94,82
John Wick,86,81
"Lock, Stock and Two Smoking Barrels",75,93
Looper,93,82
L.A. Confidential,99,94
Toy Story 2,100,86
Independence Day,67,75
Limitless,69,74
Cast Away,89,84
Kick-Ass,76,81
The Notebook,53,85
Superbad,88,87
Zombieland,89,86
The Hateful Eight,74,76
There Will Be Blood,91,86
Ocean's Eleven,83,80
Spider-Man: Homecoming,92,87
The Matrix Reloaded,73,72
Men in Black,92,79
Harry Potter and the Order of the Phoenix,77,81
Shaun of the Dead,92,93
X-Men 2,85,85
21 Jump Street,84,82
La La Land,91,81
The Bourne Identity,83,93
Minority Report,90,80
Watchmen,65,71
Despicable Me,81,82
Spider-Man 3,63,51
Blood Diamond,63,90
"I, Robot",56,70
Get Out,98,86
Rise of the Planet of the Apes,81,77
American Psycho,70,85
Juno,94,88
Home Alone,67,80
Troy,54,73
Oblivion,53,61
Source Code,92,82
Deadpool 2,84,85
X-Men: The Last Stand,57,61
Pirates of the Caribbean: On Stranger Tides,33,54
The Great Gatsby,48,67
Harry Potter and the Deathly Hallows: Part 1,77,85
Harry Potter en de halfbloed prins,84,78
De Hobbit: De Slag van Vijf Legers,59,74
Ex Machina,,
"Crazy, Stupid, Love.",79,78
(500) Days of Summer,85,84
Zodiac,89,77
Nightcrawler,95,85
Casino,80,93
X-Men Origins: Wolverine,37,58
Knives Out,97,92
Pacific Rim,72,77
Blade Runner 2049,88,81
Children of Men,92,85
Hot Fuzz,91,89
The Hangover Part II,33,52
The Perks of Being a Wallflower,85,89
Star Trek: Into Darkness,84,89
It,86,84
Mission: Impossible - Ghost Protocol,93,76
Bohemian Rhapsody,61,85
Captain Marvel,79,45
The Butterfly Effect,33,81
Mr. & Mrs. Smith,60,58
The Pursuit of Happyness,67,87
American Hustle,92,74
The Matrix Revolutions,35,60
Lucy,67,47
Edward Scissorhands,90,91
Hancock,41,59
Dallas Buyers Club,93,91
The Conjuring,86,83
Ice Age,77,82
Baby Driver,92,86
American Sniper,72,84
Little Miss Sunshine,91,91
Hacksaw Ridge,84,91
1917,89,88
"Three Billboards Outside Ebbing, Missouri",90,87
Love Actually,64,72
Warrior,83,92
Zootropolis,98,92
The Incredible Hulk,67,70
The Bourne Supremacy,82,90
The Fifth Element,71,86
Rush,89,88
The Wolverine,71,69
Charlie and the Chocolate Factory,83,51
The Help,76,89
Split,77,79
Fury,76,84
Twilight,49,73
Divergent,41,69
Indiana Jones and the Kingdom of the Crystal Skull,78,53
The Girl with the Dragon Tattoo,87,86
Spotlight,97,93
Captain Phillips,93,89
The Hurt Locker,97,84
Horrible Bosses,69,70
Sherlock Holmes: A Game of Shadows,59,77
Kung Fu Panda,87,83
Shrek 2,89,69
Mystic River,88,89
Crash,74,88
The Maze Runner,,
Elysium,65,58
The Amazing Spider-Man 2,51,64
Belle en het Beest,,
Lost in Translation,95,85
War of the Worlds,75,42
The Day After Tomorrow,45,50
Big Fish,75,89
The Hunger Games: Mockingjay - Part 1,68,71
Big Hero 6,89,91
Fantastic Beasts and Where to Find Them,74,79
Dawn of the Planet of the Apes,90,88
A Quiet Place,96,83
The Terminal,61,74
Gangs of New York,73,81
Rapunzel,,89
"Back to the future, deel 3",,
The Theory of Everything,80,84
Quantum of Solace,64,58
We're the Millers,48,72
The Da Vinci Code,26,57
The Last Samurai,66,83
The 40 Year Old Virgin,85,84
Armageddon,38,73
X-Men: Apocalypse,47,65
American Gangster,81,84
Training Day,73,89
King Kong,,64
The Mummy,,
In Bruges,84,87
Coco,97,94
Die Hard 4.0,82,86
Midnight in Paris,93,83
Mission: Impossible,64,71
Justice League,40,71
Unbreakable,70,77
Green Book,78,91
Spectre,63,61
Alice in Wonderland,51,55
Transformers: Dark of the Moon,35,55
This Is the End,83,71
Transformers: Revenge of the Fallen,20,57
Spider-Man: Een nieuw universum,97,93
Wreck-It Ralph,87,86
Scott Pilgrim vs. the World,82,84
The Lost World: Jurassic Park,53,51
Saw,49,84
Borat: Cultural Learnings of America for Make Benefit Glorious Nation of Kazakhstan,91,79
Godzilla,15,28
Star Wars: Episode IX - The Rise of Skywalker,51,86
Tropic Thunder,82,70
Terminator 3: Rise of the Machines,69,46
The Cabin in the Woods,92,74
28 Days Later...,87,85
Unforgiven,96,93
American Pie,61,61
Aquaman,65,74
Aladdin,57,94
Brave,78,75
Room,93,93
The Shape of Water,92,72
Sicario,92,85
Cloverfield,78,68
The Devil Wears Prada,75,76
Bruce Almighty,48,57
Ready Player One,72,77
Moneyball,94,86
In Time,36,51
Cars,74,79
Despicable Me 2,75,85
John Wick: Chapter 2,89,85
Fast & Furious 6,70,84
The Big Short,88,88
Madagascar,54,66
"The Chronicles of Narnia: The Lion, the Witch and the Wardrobe",76,
Black Hawk Down,76,88
Die Hard: With a Vengeance,59,83
Venom,29,81
The Godfather: Part III,68,63
Collateral,86,84
Easy A,85,77
Ocean's Twelve,54,60
Wanted,72,69
Fast & Furious 7,82,82
The Machinist,77,83
The Illusionist,73,83
The Town,92,85
2012,39,47
Dumb and Dumber,68,84
Fast & Furious 5,77,83
Passengers,30,63
Knocked Up,89,83
Face/Off,92,82
The Fast and the Furious,53,74
127 Hours,93,85
The Mask,77,68
22 Jump Street,84,77
3 Idiots,100,93
The Game,,
The Fault in Our Stars,81,85
Maleficent,54,70
Cloud Atlas,66,66
Sweeney Todd: The Demon Barber of Fleet Street,86,81
Men in Black II,38,45
Terminator Salvation,33,54
Mission: Impossible - Rogue Nation,94,87
The Italian Job,73,80
The Fighter,90,89
Inside Man,86,85
Friends with Benefits,68,65
Die Hard 2,69,70
The Others,83,77
Super 8,81,75
A Star Is Born,90,79
Signs,74,67
Mean Girls,84,66
Yes Man,46,66
Boyhood,97,80
Men in Black 3,68,70
Moon,90,89
The Equalizer,60,76
The Aviator,86,79
Hotel Rwanda,91,94
The Devil's Advocate,63,80
Wedding Crashers,76,70
Sleepy Hollow,69,80
Der Untergang,90,94
Mission: Impossible III,71,69
Anchorman: The Legend of Ron Burgundy,66,86
Man on Fire,38,89
Spider-Man: Far from Home,90,95
Speed,94,76
The Irishman,95,86
50 First Dates,45,65
Flight,77,75
The Expendables,42,64
De Lego Film,9,30
Snowpiercer,94,72
Brokeback Mountain,87,82
Due Date,40,52
Monsters University,80,81
Mulholland Drive,83,87
Jumanji: Welcome to the Jungle,76,87
Ocean's Thirteen,69,75
The Ring,71,48
Moonrise Kingdom,93,86
Up in the Air,90,79
Jackie Brown,87,85
Pineapple Express,68,73
Night at the Museum,43,67
Mission: Impossible II,57,42
50/50,93,88
Ant-Man and the Wasp,87,75
The Rock,66,85
TRON: Legacy,51,63
Being John Malkovich,93,87
True Grit,95,85
Pearl Harbor,24,66
Fantastic Four,9,18
Home Alone 2: Lost in New York,34,61
Equilibrium,41,81
Meet the Parents,84,79
Shooter,47,80
Burn After Reading,78,65
Jack Reacher,64,67
Jumanji,55,62
Les Misérables,70,79
The Simpsons Movie,87,77
Constantine,46,72
Tenet,70,76
The Interview,51,48
Hoe Tem Je Een Draak 2,79,60
Click,34,66
Hellboy,81,66
About Time,69,81
Hugo,93,78
Jojo Rabbit,80,94
Eyes Wide Shut,75,73
National Treasure,46,76
Total Recall,31,47
The Mummy Returns,47,63
The Nightmare Before Christmas,95,91
The Island,,
Lucky Number Slevin,51,87
10 Things I Hate About You,69,69
Le Mans '66,92,98
Real Steel,60,73
Fifty Shades of Grey,24,41
Transformers: Age of Extinction,17,50
The Proposal,44,67
Jurassic Park III,49,36
Hitch,69,62
Salt,62,59
Interview with the Vampire: The Vampire Chronicles,63,86
Solo: A Star Wars Story,69,64
The Book of Eli,46,64
The Blind Side,66,85
Lord of War,61,84
The Secret Life of Walter Mitty,51,71
The Hangover Part III,20,44
Deja Vu,56,73
Mission: Impossible - Fallout,97,88
The Expendables 2,67,67
10 Cloverfield Lane,90,79
Pretty Woman,64,68
There's Something About Mary,83,61
A.I. Artificial Intelligence,74,64
Magnolia,83,89
RED,72,72
Taken 2,22,52
Babel,69,77
The Wrestler,98,88
3:10 to Yuma,89,86
Bridge of Spies,90,87
The Hunger Games: Mockingjay - Part 2,69,66
Scream,79,79
"O Brother, Where Art Thou?",78,89
Bad Neighbours,73,63
From Dusk Till Dawn,62,76
Seven Pounds,27,75
Jumper,15,44
The Bourne Legacy,55,58
The Transporter,54,73
Jagten,93,93
Contagion,85,63
Serenity,82,91
Public Enemies,68,59
Annihilation,88,66
The Nice Guys,91,79
Bird Box,64,57
The Mist,71,65
Liar Liar,82,75
Shrek the Third,42,52
Gattaca,82,87
300: Rise of an Empire,45,51
Donnie Brasco,88,89
Insidious,66,62
The Dictator,57,44
John Wick: Chapter 3 - Parabellum,89,86
Alien³,,
Ace Ventura: Pet Detective,49,57
Pitch Perfect,81,83
Con Air,56,75
Notting Hill,83,79
As Good as It Gets,85,86
The Man from U.N.C.L.E.,68,73
Insomnia,92,77
Beauty and the Beast,71,80
Moonlight,98,79
Vaiana,95,89
Batman Returns,80,73
Kingsman: The Golden Circle,51,64
Angels & demons - Het bernini mysterie,,57
Before Sunrise,100,93
Snow White and the Huntsman,49,52
Kong: Skull Island,75,69
Zero Dark Thirty,91,80
Law Abiding Citizen,26,75
Prince of Persia: The Sands of Time,37,58
Superman Returns,75,61
Clash of the Titans,27,40
Apollo 13,96,87
School of Rock,91,64
Starship Troopers,65,70
Bridesmaids,90,76
Step Brothers,55,69
The Fugitive,96,89
Jurassic World: Fallen Kingdom,47,48
The Royal Tenenbaums,80,89
Kingdom of Heaven,39,72
A Bug's Life,92,73
Moulin Rouge!,76,89
Green Lantern,,71
Lone Survivor,75,87
The Twilight Saga: New Moon,28,61
Pirates of the Caribbean: Salazar's Revenge,29,61
Scent of a Woman,89,92
Forgetting Sarah Marshall,83,76
Fast & Furious,28,67
The Accountant,51,76
Pride & Prejudice,86,89
Gone in Sixty Seconds,26,77
The World's End,89,71
Fear and Loathing in Las Vegas,49,89
Terminator Genisys,27,53
Panic Room,75,63
The Jungle Book,94,86
Shazam!,90,82
28 Weeks Later,71,66
Mulan,73,49
Olympus Has Fallen,49,66
Ice Age: The Meltdown,57,71
Hellboy II: The Golden Army,86,71
1408,79,61
Hannibal,40,62
Stardust,76,86
Contact,66,78
Kick-Ass 2,32,57
Alien: Covenant,65,55
John Carter,52,60
The Patriot,62,81
Kung Fu Panda 2,81,74
Predestination,84,75
Red Dragon,68,74
Robin Hood,43,58
Almost Famous,89,92
Meet the Fockers,38,58
Underworld,31,79
Dredd,79,72
Atonement,83,80
The Holiday,49,80
Incredibles 2,93,84
Hulk,62,29
2 Fast 2 Furious,36,50
Gone Baby Gone,94,86
Phone Booth,72,64
Fantastic 4: Rise of the Silver Surfer,37,51
Now You See Me 2,33,53
Marriage Story,94,85
8 Mile,75,54
Non-Stop,62,63
Unknown,55,55
Vanilla Sky,42,72
Manchester by the Sea,96,78
Creed,95,89
The Gentlemen,,
Resident Evil,35,67
Dark Shadows,35,46
The Place Beyond the Pines,78,75
Road to Perdition,81,86
Mrs. Doubtfire,71,77
Zoolander,63,80
Corpse Bride,84,77
Blade,55,78
The A-Team,49,66
Lincoln,89,81
Van Helsing,24,57
The Adjustment Bureau,71,67
Lady Bird,99,79
Enemy at the Gates,53,82
Hereditary,89,67
The Other Guys,78,60
Jerry Maguire,83,79
Noah,76,41
The Village,43,57
The Fast and the Furious: Tokyo Drift,37,69
Vicky Cristina Barcelona,81,74
Office Space,80,93
Finding Dory,94,84
Warcraft: The Beginning,28,76
Seven Psychopaths,83,71
The Greatest Showman,57,86
Dances with Wolves,83,87
Blow,55,87
Bad Boys,42,78
The Grey,,0
Nocturnal Animals,74,73
American Pie 2,52,68
Boogie Nights,93,89
Sully,85,84
Changeling,62,82
Chronicle,85,71
Rush Hour,61,78
GoldenEye,78,83
True Lies,71,76
Rango,88,69
Before Sunset,94,91
Battleship,34,54
RocknRolla,60,71
A Few Good Men,83,89
Hook,29,76
Paul,70,62
Batman Forever,38,32
Perfume: The Story of a Murderer,59,74
Walk the Line,82,90
Batman & Robin,11,16
Crank,61,71
Dawn of the Dead,75,77
Sunshine,77,73
Saw II,36,59
The Blair Witch Project,86,56
The Descendants,87,79
Scary Movie,52,43
Bad Boys II,23,78
The Twilight Saga: Breaking Dawn - Part 2,49,70
Elf,85,79
Us,93,59
The Bucket List,41,77
The Artist,95,87
The Reader,63,79
Alita: Battle Angel,61,92
Spy,95,78
Final Destination,35,68
Sucker Punch,22,47
21,36,66
Chappie,32,56
Alien: Resurrection,54,39
Megamind,73,72
Dodgeball: A True Underdog Story,71,76
Don Jon,79,58
Star Trek: Beyond,86,80
Grown Ups,11,62
Valkyrie,62,65
War for the Planet of the Apes,94,84
The Twilight Saga: Eclipse,48,60
End of Watch,85,86
Lawless,66,74
The Fountain,52,74
Eastern Promises,89,83
Identity,62,75
Escape Plan,50,55
Enemy of the State,72,78
I Am Number Four,33,57
The Boondock Saints,28,91
Bridget Jones's Diary,80,81
The Conjuring 2,80,81
BlacKkKlansman,96,83
Fantastic Beasts: The Crimes of Grindelwald,36,54
Hotel Transylvania,45,72
The Chronicles of Riddick: Pitch Black,60,77
Uncut Gems,91,52
Philadelphia,80,89
The Tourist,20,42
Ice Age: Dawn of the Dinosaurs,46,62
21 Grams,80,86
The Twilight Saga: Breaking Dawn - Part 1,25,60
A History of Violence,87,76
Ender's Game,62,65
Ghost Rider,26,48
The Road,,
The Beach,20,57
Don't Breathe,88,78
Maze Runner: The Scorch Trials,47,54
Sinister,63,61
The Intern,59,73
"Me, Myself & Irene",47,57
Just Go with It,19,59
The Lone Ranger,30,51
Austin Powers: International Man of Mystery,71,77
The Lobster,87,65
Disturbia,69,77
Knowing,34,42
Paranormal Activity,83,57
Role Models,77,74
Focus,56,53
Warm Bodies,81,73
Stranger Than Fiction,73,85
National Treasure: Book of Secrets,36,67
Insurgent,28,58
Southpaw,60,75
Rambo,37,69
Natural Born Killers,48,81
Mr. Nobody,68,76
Mamma Mia!,55,66
Transcendence,19,37
Austin Powers: The Spy Who Shagged Me,52,71
The Adventures of Tintin,74,74
Chicago,86,83
RoboCop,48,49
Call Me by Your Name,94,86
Dr. Seuss' How the Grinch Stole Christmas,49,56
What's Eating Gilbert Grape?,90,89
Meet Joe Black,45,81
Old School,60,86
The Lincoln Lawyer,83,82
The Ides of March,83,73
Lion,84,91
Kiss Kiss Bang Bang,86,87
Murder on the Orient Express,60,53
The Chronicles of Riddick,,80
Shakespeare in Love,92,80
No Strings Attached,49,51
Body of Lies,55,62
Silent Hill,31,63
San Andreas,49,52
Cube,63,76
Thank You for Smoking,86,87
Minions,55,49
Munich,78,83
How to Lose a Guy in 10 Days,42,77
Predators,65,52
Romeo + Juliet,72,77
Clerks,89,89
It Follows,95,66
Me Before You,54,73
Mars Attacks!,54,53
Planet of the Apes,44,27
Glass,37,67
It Chapter Two,62,78
Jason Bourne,54,55
Män som hatar kvinnor,85,87
Game Night,85,77
Wind River,88,90
Life,67,54
Cowboys & Aliens,44,43
Dogma,67,85
True Romance,93,93
Hercules,58,48
Rio,72,71
Safe House,53,63
White House Down,51,62
Daredevil,44,35
Match Point,77,81
Madagascar 2,64,66
Garden State,86,88
Gangster Squad,31,57
The VVitch: A New-England Folktale,90,59
Cloudy with a Chance of Meatballs,86,72
Midsommar,83,63
Toy Story 4,97,94
Fast & Furious 8,67,72
Die Another Day,56,41
The Ugly Truth,14,60
Hell or High Water,97,88
Ghostbusters,74,50
Tarzan,89,75
Rocky Balboa,77,76
Get Smart,51,67
Closer,68,81
Master and Commander: The Far Side of the World,85,80
Anger Management,42,60
American Reunion,45,63
The Purge,39,36
Ace Ventura: When Nature Calls,25,72
Hidden Figures,93,93
The Descent,86,76
The Girl Next Door,56,69
The Impossible,81,84
Carlito's Way,81,91
Fantastic Mr. Fox,93,85
Pain & Gain,50,47
Teenage Mutant Ninja Turtles,21,50
Ad Astra,83,40
Big Daddy,39,74
Blade II,57,68
P.S. I Love You,25,80
Rush Hour 2,52,74
A Walk to Remember,27,78
G.I. Joe: The Rise of Cobra,34,50
Oz the Great and Powerful,57,56
Finding Neverland,83,87
Remember the Titans,73,93
Coraline,90,73
Napoleon Dynamite,72,74
A Good Day to Die Hard,14,40
Ghost,74,80
Happy Gilmore,62,85
Lara Croft: Tomb Raider,20,47
Everest,72,68
Revolutionary Road,67,71
The Babadook,98,72
Death Race,42,60
Chef,87,85
2 Guns,65,66
Ghost in the Shell,43,51
A Series of Unfortunate Events,72,63
You've Got Mail,70,73
Traffic,92,85
EuroTrip,47,75
Austin Powers in Goldmember,53,44
The Happening,17,24
Soul,95,88
The Chronicles of Narnia: Prince Caspian,66,73
Hansel & Gretel: Witch Hunters,16,53
American Wedding,54,63
The Croods,72,77
"I Love You, Man",83,74
Bram Stoker's Dracula,74,79
Bad Teacher,45,36
King Arthur: Legend of the Sword,30,69
Mother!,,60
Ice Age: Continental Drift,37,62
Orphan,56,63
Blue Jasmine,90,77
"South Park: Bigger, Longer & Uncut",80,88
What Women Want,54,54
After Earth,11,36
Transporter 2,52,58
Tomb Raider,52,55
The Boy in the Striped Pyjamas,64,85
Captain Fantastic,82,85
Jumanji: The Next Level,71,87
You Don't Mess with the Zohan,37,45
Bolt,89,74
Primal Fear,76,89
Hanna,71,66
Machete,72,63
Underworld: Evolution,17,72
The Internship,35,51
Ocean's Eight,69,45
Project X,28,61
Miss Congeniality,41,69
The World Is Not Enough,52,49
Lola rennt,93,90
Drag Me to Hell,92,62
Tinker Tailor Soldier Spy,83,65
The Hitman's Bodyguard,43,67
Dark City,76,85
Fracture,71,73
Sleepers,73,85
Legally Blonde,70,72
The Hitchhiker's Guide to the Galaxy,60,65
The Taking of Pelham 123,51,52
El Camino: A Breaking Bad Movie,91,81
Assassin's Creed,18,43
Resident Evil: Apocalypse,20,60
Ted 2,44,50
The Magnificent Seven,64,72
Clueless,82,76
Misery,90,90
Shrek Forever After,58,54
Unstoppable,87,72
AVP: Alien vs. Predator,20,39
The Next Three Days,50,66
Blue Valentine,86,77
The Vow,31,63
"I, Tonya",90,88
Shame,79,75
Resident Evil: Extinction,24,58
The Secret Life of Pets,72,62
The Talented Mr. Ripley,84,80
Secret Window,46,65
Harold & Kumar Go to White Castle,74,80
Love & Other Drugs,49,53
17 Again,56,67
Tomorrow Never Dies,57,53
Wrath of the Titans,26,49
Keizer Kuzco,85,83
The Darjeeling Limited,69,78
War Dogs,61,69
The Hunt for Red October,89,88
The Polar Express,56,63
Waterworld,46,43
The Life Aquatic with Steve Zissou,56,82
Knight and Day,52,49
Air Force One,78,66
Dracula Untold,25,58
Side Effects,81,70
Straight Outta Compton,89,86
Sideways,97,79
Cruel Intentions,55,81
Taken 3,12,44
The Judge,49,72
The Golden Compass,42,51
Basic Instinct,54,63
Jupiter Ascending,27,38
The English Patient,85,83
Adaptation.,91,85
Robin Hood: Prince of Thieves,51,72
Saw III,28,71
Night at the Museum: Battle of the Smithsonian,44,47
Chocolat,62,83
Grindhouse,84,87
A Million Ways to Die in the West,33,41
Percy Jackson & the Lightning Thief,49,53
Chicken Run,97,65
Twister,59,58
Enchanted,93,80
Atomic Blonde,78,64
Sausage Party,82,50
Cinderella Man,80,91
Charlie's Angels,68,45
Eagle Eye,26,62
This Means War,26,56
Swordfish,25,59
Jarhead,61,68
The Last King of Scotland,87,89
Erin Brockovich,84,81
Stargate,53,73
K-PAX,42,75
Cape Fear,75,77
World Invasion: Battle Los Angeles,36,48
The Woman in Black,67,54
The Favourite,93,69
Darkest Hour,84,82
The Bank Job,80,74
The Thin Red Line,80,80
xXx,48,58
About a Boy,93,55
G.I. Joe: Retaliation,28,48
The Promise,51,92
De IJzeren reus,,
Ronin,68,80
Project T,,
Falling Down,73,84
A Knight's Tale,59,79
Birds of Prey: And the Fantabulous Emancipation of One Harley Quinn,78,78
Zack and Miri Make a Porno,65,66
Desperado,64,79
The Invisible Man,91,88
Pocahontas,55,64
Happy Feet,76,70
The Girl on the Train,44,48
First Man,87,67
Pi,88,85
Hostel,61,53
Rushmore,89,91
The Assassination of Jesse James by the Coward Robert Ford,76,75
Get Him to the Greek,72,62
25th Hour,78,85
The Expendables 3,32,49
Enemy,71,63
Bright,28,83
The Mask of Zorro,82,73
Lilo & Stitch,86,77
Anchorman 2: The Legend Continues,75,52
Fast & Furious Presents: Hobbs & Shaw,67,88
Mud,,
Mama,63,55
Melancholia,80,67
Surrogates,37,38
High Fidelity,91,90
Black Mass,73,68
13 Going on 30,65,70
The League of Extraordinary Gentlemen,17,44
The Ninth Gate,44,57
The Tree of Life,84,60
Talladega Nights: The Ballad of Ricky Bobby,71,73
The Change-Up,25,47
Red Sparrow,45,49
Shark Tale,36,43
Independence Day: Resurgence,30,30
Wonder Woman 1984,59,74
The Crow,83,90
Layer Cake,80,85
Dazed and Confused,92,90
Blade: Trinity,25,59
Tucker and Dale vs Evil,85,84
What Happens in Vegas,26,65
"Girl, Interrupted",53,84
Ed Wood,92,88
30 Days of Night,51,56
The Danish Girl,66,72
Deep Impact,45,43
Milk,93,89
Madagascar 3: Europe's Most Wanted,78,72
The Legend of Tarzan,36,58
Space Jam,43,63
The Day the Earth Stood Still,20,27
Valerian and the City of a Thousand Planets,47,53
The Karate Kid,66,67
Baywatch,18,69
The Longest Yard,31,62
Army of Darkness,73,87
Need for Speed,22,57
The Heat,66,71
Alexander,16,35
He's Just Not That Into You,41,59
Cars 2,40,49
Hot Tub Time Machine,63,56
Resident Evil: Afterlife,22,48
Cinderella,83,78
Beowulf,71,50
Extraction,67,69
Sleepless in Seattle,75,75
Upgrade,88,87
Hitman,16,57
Immortals,46,48
Inferno,23,36
Central Intelligence,71,62
RED 2,44,63
Over the Hedge,75,71
The Insider,96,90
Three Kings,94,77
Event Horizon,28,61
Point Break,70,79
Legend,61,59
Exodus: Gods and Kings,31,35
Demolition Man,60,66
Team America: World Police,77,80
King Arthur,31,59
American Made,86,78
Horrible Bosses 2,35,47
The Hills Have Eyes,52,58
What We Do in the Shadows,96,86
Road Trip,57,65
Blades of Glory,70,68
X-Men: Dark Phoenix,22,64
The Lovely Bones,32,52
Scream 2,81,57
Transporter 3,40,48
Rise of the Guardians,75,80
In the Name of the Father,94,95
Lethal Weapon 3,60,61
The Man in the Iron Mask,,74
Evil Dead,63,63
The Perfect Storm,47,64
Michael Clayton,91,69
The Ghost Writer,84,70
Miss Peregrine's Home for Peculiar Children,64,60
The Master,84,61
Insidious: Chapter 2,39,57
"Definitely, Maybe",70,72
The Age of Adaline,54,67
The Bone Collector,29,63
The Green Hornet,44,43
Steve Jobs,85,73
27 Dresses,41,57
The Chronicles of Riddick: Rule the Dark,,
Letters from Iwo Jima,91,86
Once Upon a Time in Mexico,66,64
Hard Candy,67,78
Rush Hour 3,18,63
Lethal Weapon 4,53,64
The Cable Guy,53,51
The Sorcerer's Apprentice,40,53
Wild Wild West,17,28
The Last Airbender,5,30
Sin City: A Dame to Kill For,43,44
Deepwater Horizon,83,82
Date Night,66,55
Final Destination 2,48,58
Saving Mr. Banks,,
Flightplan,37,48
Adventureland,89,61
The Meg,45,42
Terminator: Dark Fate,70,82
Incendies,92,92
The Last of the Mohicans,93,88
Underworld: Rise of the Lycans,29,63
The Mummy: Tomb of the Dragon Emperor,12,30
The Mechanic,53,51
Unbroken,51,70
Invictus,76,75
Galaxy Quest,90,79
Buried,87,65
Legends of the Fall,58,87
Scary Movie 2,15,52
Next,28,53
The Punisher,28,63
The Waterboy,34,71
Johnny English,33,50
Abraham Lincoln: Vampire Hunter,34,50
Jay and Silent Bob Strike Back,53,75
Punch-Drunk Love,79,77
Monsters vs. Aliens,73,59
War Horse,74,74
Marley & Me,62,75
Predator 2,30,44
From Hell,57,66
Little Women,95,92
The Lighthouse,90,72
Doctor Sleep,78,89
Idiocracy,74,60
Antz,92,52
47 Ronin,16,48
London Has Fallen,28,51
Underworld: Awakening,26,62
She's the Man,43,79
Spy Game,66,75
Analyze This,69,62
Rampage: Big Meets Bigger,51,73
Man on a Ledge,32,52
Puss in Boots,86,67
Vantage Point,34,57
The Spectacular Now,91,76
The Virgin Suicides,77,81
Molly's Game,81,84
Wayne's World,78,84
Shoot 'Em Up,67,65
The Imaginarium of Doctor Parnassus,64,60
Begin Again,83,81
Brüno,,
Wonder,85,88
Crazy Rich Asians,91,76
Mr. Brooks,55,76
Pandorum,29,49
Bridge to Terabithia,85,70
Bee Movie,49,53
The Drop,89,76
I Am Sam,35,86
Pitch Perfect 2,65,64
De klokkenluider van de Notre Dame,71,70
JFK,84,88
Allied,61,64
Before Midnight,98,82
Rounders,65,87
The Chronicles of Narnia: The Voyage of the Dawn Treader,50,58
Hooligans,47,87
Searching,92,87
Salinui chueok,,
Zombieland: Double Tap,69,88
Annabelle,29,36
Roma,95,72
6 Underground,37,60
Grown Ups 2,8,53
The Gift,91,75
I Now Pronounce You Chuck & Larry,15,69
Isle of Dogs,90,87
Crank: High Voltage,64,49
Rocketman,89,88
The Lake House,35,73
The Time Traveler's Wife,38,59
The Way Way Back,83,84
Inside Llewyn Davis,92,74
Bumblebee,91,74
Saw IV,19,62
Four Weddings and a Funeral,96,74
Cold Mountain,70,77
Jack Reacher: Never Go Back,38,42
One Day,,
Godzilla II: King of the Monsters,42,83
State of Play,84,73
Evan Almighty,23,52
Pokémon: Detective Pikachu,67,79
Frozen II,78,92
Dear John,28,55
La vie d'Adèle,89,85
The Disaster Artist,91,85
Snowden,61,70
The Purge: Anarchy,57,56
We Need to Talk About Kevin,75,78
Ray,79,87
The Grudge,40,46
Remember Me,27,69
Lars and the Real Girl,81,84
Defiance,58,72
Starsky & Hutch,62,49
Smokin' Aces,,
S.W.A.T.,48,52
Dogville,70,89
Good Bye Lenin!,90,93
Memoirs of a Geisha,35,83
Scary Movie 3,35,54
The Addams Family,64,66
The Post,88,73
Never Let Me Go,70,70
Thelma & Louise,85,82
Last Action Hero,38,47
Kindergarten Cop,51,52
Monster,81,81
Locke,90,72
Mr. Deeds,21,59
Transformers: The Last Knight,15,43
Winter's Bone,94,76
It's Kind of a Funny Story,58,65
Spring Breakers,67,38
Bad Santa,78,75
Fun with Dick and Jane,29,49
Kung Fu Panda 3,87,78
The Wedding Singer,69,80
We Bought a Zoo,64,71
The Equalizer 2,51,60
Four Brothers,52,80
Sing,72,72
Foxcatcher,87,66
Devil,50,43
Tower Heist,68,48
"Dude, Where's My Car?",17,47
A Serious Man,89,68
Killing Them Softly,73,44
I Know What You Did Last Summer,43,40
A Time to Kill,67,85
9,57,56
Ralph Breaks the Internet,88,65
Carrie,50,44
Robots,64,53
The Last Stand,61,53
Resident Evil: Retribution,28,51
The Constant Gardener,84,82
Into the Woods,71,49
Snakes on a Plane,69,49
Logan Lucky,92,76
Pixels,17,46
Bad Boys for Life,77,96
Chasing Amy,87,83
Jack the Giant Slayer,52,55
Brooklyn,97,87
Billy Madison,42,79
Lost Highway,61,87
White Chicks,15,55
The Lego Batman Movie,90,80
Payback,55,69
Magic Mike,79,60
The Other Woman,26,57
Final Destination 3,43,57
The Negotiator,74,79
Harold & Kumar Escape from Guantanamo Bay,52,60
Crimson Peak,72,55
The Scorpion King,41,38
A Simple Favor,84,73
We Were Soldiers,63,84
Matilda,90,73
My Best Friend's Wedding,73,73
The Texas Chainsaw Massacre,37,58
Under the Skin,84,55
Lara Croft Tomb Raider: The Cradle of Life,24,44
Seven Years in Tibet,60,73
Bad Times at the El Royale,75,73
Gamer,30,39
Horton,80,73
Clerks II,63,84
Green Zone,53,57
Coach Carter,64,85
Trainwreck,84,66
The Old Guard,80,70
The Count of Monte Cristo,73,88
The Princess Diaries,48,68
The Recruit,43,58
Dumb and Dumber To,30,35
Enola Holmes,91,70
The Invention of Lying,56,39
An Education,93,80
A Bronx Tale,97,93
The Dark Tower,16,45
Joy,60,57
Last Vegas,46,59
Scream 4,60,55
This Is 40,51,50
The Mortal Instruments: City of Bones,13,58
The Book Thief,48,73
Rocky V,31,31
Tombstone,74,94
Shallow Hal,49,45
The Founder,81,82
She's Out of My League,58,59
Let's Be Cops,18,51
Billy Elliot,85,89
The Men Who Stare at Goats,51,39
Still Alice,85,85
Boyz n the Hood,96,93
Sicario: Day of the Soldado,63,65
Reign of Fire,42,49
Along Came Polly,27,47
Awakenings,88,89
Miller's Crossing,92,90
16 Blocks,56,57
The Killing of a Sacred Deer,80,63
Stuart Little,67,41
The Curse of the Were-Rabbit,95,79
Syriana,73,67
Freaky Friday,88,57
The Break-Up,34,46
The Kids Are All Right,92,74
"10,000 BC",9,37
The Great Wall,35,42
Capote,89,82
Deep Blue Sea,59,39
Identity Thief,19,53
The Princess and the Frog,85,74
The Monuments Men,30,44
The Hours,79,84
"Hail, Caesar!",85,44
The Campaign,66,51
John Q,23,78
8MM,22,52
Man on the Moon,63,79
In the Heart of the Sea,42,53
Scream 3,40,37
The Ballad of Buster Scruggs,89,77
Vice,65,60
Æon Flux,,
Killer Elite,28,42
Hollow Man,27,28
Matchstick Men,82,74
Get Hard,28,45
Me and Earl and the Dying Girl,81,86
Accepted,38,72
Jack Ryan: Shadow Recruit,54,53
"Love, Rosie",32,63
Life as We Know It,29,61
Savages,50,54
J. Edgar,43,44
About Schmidt,85,74
The Thing,34,42
Casper,50,49
Daybreakers,69,49
Doubt,79,78
Eragon,16,46
The Big Sick,98,88
Max Payne,16,29
Halloween,27,59
Pleasantville,85,79
The Bounty Hunter,12,51
The Score,73,67
The Parent Trap,86,70
The Firm,75,64
The Watch,16,39
Johnny English Reborn,38,45
Charlie's Angels: Full Throttle,42,40
Irréversible,57,80
Wild,88,75
Bronson,76,74
Tremors,86,75
The Shallows,78,59
Outbreak,59,55
13 Hours,51,82
Blended,15,64
The Walk,83,77
Safety Not Guaranteed,91,80
The Bodyguard,33,64
Cliffhanger,69,52
My Big Fat Greek Wedding,76,73
The Exorcism of Emily Rose,44,60
Hall Pass,33,40
Hairspray,91,85
Carnage,70,66
Evolution,43,47
Shanghai Noon,79,65
The Nun,24,34
Australia,55,65
Ransom,75,62
De prins van Egypte,67,68
The Time Machine,29,37
Kubo en het Magische Zwaard,97,86
R.I.P.D.,13,38
The Strangers,48,48
Star Trek: First Contact,92,89
What Lies Beneath,47,58
Mou gaan dou,,
Happy Death Day,72,67
The Kingdom,51,76
Oculus,74,53
Flags of Our Fathers,73,69
Margin Call,87,74
Contraband,51,57
Antichrist,53,55
Babe,97,67
The Predator,33,33
Nymphomaniac: Vol. I,,
Carol,94,74
Jennifer's Body,45,35
Nerve,67,66
The 6th Day,40,32
Tag,56,56
The 13th Warrior,33,66
Robin Hood: Men in Tights,40,81
AVP2: Aliens vs. Predator 2 - Requiem,12,30
Yesterday,63,89
The Phantom of the Opera,33,84
Mr. Bean's Holiday,51,49
Sex and the City,49,77
I Origins,53,69
If I Stay,35,61
The Brothers Grimm,38,39
Mallrats,57,82
House of Wax,26,42
This Is England,92,90
Lights Out,75,61
Saw V,13,52
Priest,15,46
One Hour Photo,82,65
Leaving Las Vegas,91,85
Bad Moms,58,63
Maze Runner: The Death Cure,43,58
Despicable Me 3,58,53
Serbuan maut 2: Berandal,81,87
T2 Trainspotting,81,78
Valentine's Day,18,47
The Visit,68,51
Funny People,69,48
The Mule,70,66
Parker,40,48
Wild Hogs,14,61
Bad Neighbours 2,64,44
Dirty Grandpa,11,44
Scary Movie 4,35,51
Journey to the Center of the Earth,61,51
City of Angels,58,82
Flushed Away,73,65
Let Me In,88,76
Phantom Thread,91,71
Barton Fink,90,89
Annabelle: Creation,71,67
Ghost World,93,84
The Call,44,65
Red Eye,79,64
A Walk Among the Tombstones,67,53
Tears of the Sun,33,69
Pay It Forward,39,77
Hunt for the Wilderpeople,97,91
Nebraska,91,83
Anastasia,86,77
Something's Gotta Give,72,69
Brothers,64,62
From Paris with Love,38,54
Any Given Sunday,52,73
The Giver,35,55
Ready or Not,88,78
The Crazies,70,56
Jeepers Creepers,46,48
The Dreamers,60,78
Water for Elephants,60,70
The Faculty,52,55
Ghost Rider: Spirit of Vengeance,18,31
Catwoman,9,18
Mortal Engines,26,48
Freddy vs. Jason,41,50
Charlie Wilson's War,82,73
Step Up,21,83
Malavita,28,41
The Host,9,49
Once,,
The Way Back,74,72
Percy Jackson: Sea of Monsters,42,55
Bicentennial Man,36,58
Men in Black: International,23,66
Miami Vice,46,43
The Nutty Professor,64,44
Coherence,88,81
The Whole Nine Yards,44,64
Borat Subsequent Moviefilm: Delivery of Prodigious Bribe to American Regime for Make Benefit Once Glorious Nation of Kazakhstan,85,64
The Life of David Gale,19,81
Premium Rush,74,60
Wrong Turn,40,54
Death at a Funeral,62,79
Allegiant,11,41
Trance,68,62
Homefront,42,61
The Boss Baby,53,51
Daddy's Home,30,49
Triple Frontier,71,55
The Butler,72,78
Wild Things,62,53
La migliore offerta,56,77
Spy Kids,93,46
Rat Race,44,64
Julie & Julia,77,70
Green Room,90,75
The Jacket,44,73
Hotel Transylvania 2,55,63
The Two Popes,89,88
Gwoemul,93,72
Skyscraper,48,69
Red Riding Hood,10,39
Two Weeks Notice,42,59
Entrapment,39,50
Night at the Museum: Secret of the Tomb,47,57
My Cousin Vinny,86,87
Doom,18,34
Klaus,94,96
Seeking a Friend for the End of the World,55,53
Sex Tape,16,33
What Happened to Monday,59,67
Out of the Furnace,54,52
The Boat That Rocked,60,71
The Fall,,
Burnt,28,44
Street Kings,36,58
Men of Honor,42,81
Only God Forgives,42,37
Just Friends,42,71
Final Destination 5,62,52
Bridget Jones: The Edge of Reason,27,60
The Jackal,23,52
Gods of Egypt,15,37
Little Fockers,9,34
Pacific Rim: Uprising,43,38
Hostage,,69
Coyote Ugly,23,71
Swiss Army Man,72,72
Creed II,83,79
A Scanner Darkly,67,74
Gothika,15,45
Pompeii,27,34
The Skeleton Key,38,58
The Trial of the Chicago 7,90,91
A Single Man,86,81
Okja,86,81
Across the Universe,53,82
Push,23,42
How to Train Your Dragon: The Hidden World,90,86
Precious,92,81
Patch Adams,22,73
The Naked Gun 2½: The Smell of Fear,56,65
Little Children,80,82
You Were Never Really Here,89,64
End of Days,11,32
The Edge of Seventeen,94,83
The Amityville Horror,23,52
Hush,93,73
Lagaan: Once Upon a Time in India,95,93
Atlantis: The Lost Empire,49,53
The Other Boleyn Girl,43,62
Onward,88,95
The Sum of All Fears,60,49
Bend It Like Beckham,85,73
Safe Haven,14,67
The Queen,,
The Commuter,55,40
The Manchurian Candidate,80,63
Serendipity,58,79
